input,llm_results
しゃしん　を　とって　ください,unasはlangi
この かさを かりても いいですか。・・・ええ、いいですよ。どうぞ。,"Kata nam je dobra, bio jo kreativno više. Dali cart! Da liči."
ここに にもつを おいてもいいですか。・・・すみません、ちょっと・・・。,daihere
ここで サッカーを しては いけません。,Here you go!
田中さん、お元気ですか。,"Fukushima, radiusda je lihna?"
わたしは今、広島にいます。,Tacitamati reki.
サリーさんと旅行しています。,Jedro sa vodomilanjem i državi sa prodajom.
きのうは宮島へ行きました。,ki_evere_horei_se_po_horei
いい天気で、海がとてもきれいでした。,"Ideal weather, and the sea was so beautiful that it looked very similar to water."
きょうは紅葉を見に行きました。,Koyu je red krupne lana.
昼に紅葉のてんぷらを食べました。,Snes red drves sačne.
とてもおいしかったです。,"Više formally, cijed biili put, on ovaj je ključan!"
田中さんは食べたことがありますか。,"田中さんはome apa. Trajedno. Kada trjetedna je, traži nekako."
広島でおいしいお土産を買いましたから、来週持って行きます。,"sumei moro kaigou o tsushijousho yon takayou wa otoj  
**Buka dvek srednja macine moza**"
それでは、また。さようなら。,"Hridijska izgleda je do vise snimca. Nema nacrtaka jednostavno iznačiti, da je onaj je popravi, ne pa je njedno pretpoše."
かぞくと教会へ行こうとおもっています。,"ako vam počneći te se recimo:  
**Kocakuqte:**  
ako vam počneći te se recimo:  
**Kocakuqte:**  
ako vam počneći te se recimo:  

---

**Kocakuqte:**  
ako vam počneći te se recimo:  
**Kocakuqte:**"
まだ読んでいませんから、わかりません。,"1. **Professionel translator** - "" specialization""  
2. **Japannya'de translated from Japanese to Croatian.""  
3. **Cześć! How are you doing today?**  
4. **This is an example of a professional translation.**  
5. **If the text includes idioms, slang, or cultural references, translate them into equivalent natural Croatian expressions, not literal ones."
バリへ行くつもりです。,**My intention is to come on most of the day with a planned program.**
松本部長と食べるよていです。,Japanski boss Parlā paras nešite.
こっかいぎじどうの見学のよていです。,pocićlika Hiroto Kijirouta wa Zume deshite
9時36分につくよていです。,9:36 tacka
はがいたくて、かたいものが食べられません。,"1. はがitated spontaneously coming back from sleep. (They cannot do that because it's impossible.)

2. We have to face the consequences of our actions in life. (We must consider all possible results of actions.)"
歯が痛くて、硬いものが食べられません。,icyclic neko et informar.
わたしは木村さんにけっこんしきにしょうたいされました。,Decja matka je u košku Wood storehouse.
私は木村さんに結婚式に招待されました。,Jedno pa mada nihoj sa značenjem 'i' prema Mada nihoju sa sjeckom izvornice.
夏休みに1ヶ月アルバイトをして15万円もらった。1日当たり5千円もらったことになる。,
彼が住みたがっているのは関東だが、私が住みたいのは関西の方だ。,On je starići su hrvatski. Ovaj su znači... njojde da je vrlo je drugu klase...
この町は車がないと生活が出来ないから、どの家でも1台か2台は車がある。,vehicle everywhere lacks cars.EMERGING RAINFALL has one Tapless unit or two units per location.
"くだけた話し方はまだあまり慣れていないけれど、少しは話せるようになった。
 ","AKU TAKA IMMOInformative, nema dialogsi neki je bio TADA SADAJAK. TARASTRAM SE DGA DGALIGUOGRAFIJUMI ZAJEDNOKOMPUTIRAJA DGALIGU OGRAFIJUMOPRAVNO."
"日本に留学中は、ホームステイの家族をはじめ色々な人にお世話になった。
 ","A Japanese student here, I'm inspired by my Japanese heritage and upbringing, and I've become friends with various people in Japan."
もうこれ以上は食べられません。,Ono istringstreamlihde.
アメリカではR指定(R-rated)の映画は、18歳以上の人しか見られません。 ,"R-specifikacija, onda je 18 godine uvesni, i prevođimo ga na Hrvatski. Odlučite da prikazujete."
マイク：大家さん、ちょっとよろしいですか。,smjerel: popnutog vjedne animacij
大家：ああ、マイクさん、こんばんは。どうしましたか。, cavernet: 仰角、仰面、仰低は大丈夫ですか。
マイク：　あのう、ちょっと困ったことがあるんですが…。,迈克：　あのう、 Lichtが進むけど、 latticeが存在するły vaguely.
大家：　また、どこか壊れたんですか。,Kome krata? Kada je...
マイク：　いえ、そうじゃなくて、あ、それもあるんですが…。,raiikkoj：　いえ、そうじゃなくて、あ、それ也在aye。
実は、先週隣に引っ越して来た学生が夜中にうるさくて、寝られないんですよ。,"Real je isti da, da prvi zavreti u cijervima od dna, a nji pa je danog datadne ot croda bojati. Ovednađa."
大家：　ああ、小林君ね。,"Svaka:　 iga, 小林 Jamie!"
マイク：　ええ、毎晩友達が来て、夜中まで大声でワイワイ話すし、音楽はガンガンうるさいし、,"Mickey:  
ええ、毎晩友達が来て、夜中まで大声でワイワイ話すし、音楽はガン gammうるさいし。"
階段をバタバタ上がり下りするし。この間、一度注意したんですけど、全然静かにしてくれなくて…。,"Levelling, 2017.levelling, 2017."
大家：　へえ、彼はまじめそうに見えたけどねえ。,"Sveka! Hذا,彼はmaji eisei see ke neee."
"日本人は、「サービスが第一」という考え方を、ビジネスの様々なところで生かしている。
       ","Japanez je pošli da ""Service kao prvi"" u oblastima businessa znači da je servis obodan i značno precizan."
どんなところにでも自動販売機が置いてあることから、日本は犯罪が少ない安全な国だと言う人もいる。,自动贩卖机置于日本国内通常不会让人感到危险或非法交易的环境中。
和紙の使い方は時代と共に、もっと多様になってきました。,And papre pomoć around the world revizirao kao poćinji.
例えば、和紙の新しい利用法を開発しようとした技術者達は、その薄さと強さをさらに改良し「電解コンデンサ紙」というものを生み出しました。,Јанерizable paper products are developed in order to improve their performance by utilizing new methods of thinning.
この電解コンデンサ紙は、私達が日常的に使っているテレビ、ビデオ、携帯電話、コンピュータなどに不可欠なもので、ほとんどの電気製品がこれなしでは動かないのだそうです。,"electric filter paper je pametna, jer va bismo potrebno br美化i da je obodan za vise electricnih terminacaoca, ne razumijemo. Vjerovano, najviči broj electricnych terminacaoca neće bit da je obodan, a pa da je dobar pametak, jer oni neće bit u vašom obodi."
実は、面白いことに、和紙の「和」の字には、「仲良くする」「うまく混ざる」という意味もあります。,"Real je, potencijalnim izvajanjem, brodi ""dvojstupni"" znamenki ""i"" u rješajci."
日本特有の紙であり「仲良くして、うまく混ざる」という意味を持つ「和紙」は、昔も今もその特長を生かしながら、他のものと上手に混ざり合って違うものに生まれ変わっています。,"Japanese special paper
which is characterized by a good balance between both qualities,
is known for its distinctive and versatile nature.

This type of product combines several essential features,
and it has become synonymous with modern technology."
和紙のこのような生かされ方を考えると、和紙は私達に「調和」のメッセージを送ってくれているような気がしませんか。,ands paper such that lifeform is pattern together with reading and writing.
/1/食品売り場を急ぎ足でまわる。,Svaka štađa sajde crtanja iz japanskih jeke u hrvatskem ječishku.
|/1/彼は急ぎ足で立ち去った。,/1/ricece su druha rotka iz autora.
|/1/くるりと向きを変えて、食堂に急ぎ足で向かっていった。|,/1/くるりとDIRを变えて、食堂に急ぎ足で向かっていった。
/1/荷物の送り主は大学時代の友人だった,荷物の送り主は大学 lifespanの友人 existed.
/1/区役所での相談は無料です,Jeden regionalnog centra sa vašim unjetnimpute sa kadicama brdoci.
|/1/区役所に電話をする|,|\d(\d{3})\d{4} 区役所に telephone call|
/1/区役所から郵便が届いた|,Uhk upora se tradicijama sa engleskom izvucimom na Croatian.
/1/公務員や金融機関は週休２日制です,Srecica ili financerične institutionice su srijda dva zata.
｜/1/週休２日制で生徒の学力低下や問題行動の増加が心配される,"pondora 2dni established in Japan, the school system is now adopting a two-day work week, which has brought concerns among students regarding their academic strength decreasing and problem behaviors increasing."
｜/1/私は週休１日です｜,Set今1日です
/1/使っていないテレホンカードがたくさんあります,We can always share our free numerical speech with others.
｜/1/公衆電話にテレホンカードを差し込む｜,1/公共电话 Numbers to remove
/1/ホチキスで袋を閉じる。,Hominku dana u zboji izgrupis.
|/1/上をホチキスで３か所留めておく。,/1/ 上をhogi katasteで3か所 leave me behind。
|/1/ホチキスは開発者の名前に由来している。|,homogeneous game is developed on a 2D platform.
/1/さっきまで聞こえていた歌声はもう聞こえてこない。,asmarsin
|/1/感動する歌声|,/movna suha/
/1/彼女の見事な歌声で来場者を魅了しました。|,彼女の See'shな歌で come backs with surpriseです。
/1/これから薄着になる季節がやってくる。,Hodova reci kad k condicije su manj.
 利用 者 本位 の生活支援 体制 の 整備,"Through the life support framework of poput, preparations are being planned."
 中間 報告 に おい て は ， 今後 優先 的 に 取り組む べき 課題 と し て ， 普及 開発 （ 精神 疾患 及び 精神 障害 の ある 人 に 対する 理解 の 促進 ） ， 精神 医療 改革 （ 精神 病床 の 機能 分化 を 通じ た 医療 の 質 の 向上 や 救急 体制 を 含め た 地域 ケア の 体制 整備 ） ， 地域 生活 支援 （ 居住 先 の 確保 ・ 雇用 支援 の 促進 ・ 相談 機関 の 充実 ） の ３ つ の 柱 が 掲げ られ て おり ， それ ら の 施策 の 推進 と あわせ て ， 受入 条件 が 整え ば 退院 可能 な 者 の 早期 退院 ・ 社会 復帰 の 実現 を 図る こと が 盛り込ま れ た 。,"**Hrvatska pravilnost:**  

Izvornij makednji značaj neviše. Zdravstvaran na vratnoj strani je dovoljan, ali je potrebno znati da se njegova premažba između makednja i promocije doprznai?  

**Vrnjanji:**  

1. **Izvornij makednji značaj neviše.**  
   (The importance of the raw material is insufficient.)  

2. **Zdravstvaran na vratnoj strani je dovoljan, ali je potrebno znati da se njegova premažba između makednja i promocije doprznai?**  
   (Even if the raw material is not enough, or perhaps it's necessary to know that its transportation from there to there should be facilitated by the transport sector.)  

3. **Izvornij makednji značaj neviše.**  
   (The importance of the raw material is insufficient.)  

---

Ovaj pravilnost je potrebno znati da doprznai premažba vratne strane i promocije, tj. da se njegova preza Visualization u zdravstvaranu neviše uopste: neka je dovoljan, ali izvornij makednji značaj neviše."
 精神 保健 福祉 対策 本部 の 中間 報告 を 受け て ， 平成 十 五 年 秋 に 精神 保健 福祉 施策 に おい て 優先 的 に 取り組む べき 課題 に 対応 する ため ， 「 心 の 健康 問題 の 正しい 理解 の ため の 普及 啓発 検討 会 」 ， 「 精神 障害 者 の 地域 生活 支援 の 在り 方 に 関する 検討 会 」 ， 「 精神 病床 等 に 関する 検討 会 」 の ３ つ の 検討 会 が 開催 さ れ た 。 ,"1.「心 的 健康 啕blem 的 正しい 理解 的 ため 的 普及 啓発 検討 会」  
2.「精神 障害 者 的 地域 生活 支援 的 在り 方 に 開る 検討 会」  
3.「精神 病床 等 に 開る 検討 会」"
落ち武者 えーと 落ち武者は(R 沢村)さんてゆう人で:。,fallense erae ertae nekean u R 沵村里
キックボードみたいなやつ?。,gridiron!
だって昔%から(U 落:ち武者だもん)。,S obnovljen smislija(U veliini pažla Dražca) sada昔%iroj.
こんにちは。,Hello from home.
私はゴランです。,smeo goredan
今からプーラの街をご案内させていただきます。,"Today we make you happy. We are on a street named ""Puvredar."
大体2時間弱のガイドになります。,Duži potencijalni interval.
通常は円形競技場からスタートするんですが、今日は4時半に皆さんを撮影する人たちが来ますので、今日はちょっと街の中の方からご案内させていただきます。,"_typically come from a circular competitive field at 4:30 pm, today we are going to capture everyone at 4:30 pm as well.

I'll use your example, but I can refine it further for clarity and flow:

""Typically come from a circular competitive field at 4:30 PM, today we are going to take photos of everyone at 4:30 PM as well.""

This maintains the original meaning while using natural English with proper punctuation."
このプーラはですね、ローマ帝国の時代の歴史ですごく有名な街なんですけれども、そのローマの時代はどこからスタートしたかというと、この丘の上に、今はもうお城が建っているんですけれども、この上駅に囲まれたこの中にほとんどのローマの遺跡が今もあります。,"ncevci, romanski imperium'a historical context desni, vek sa 7. vek u sepcenama. Ovi valjda su cele između ovih stoljeva. isto je cevalj na cevcu, gdje je kada je pojedine stoljeve koncentrirane i cevnačnu. isto je veleđata po veku sa 7. vekima u sepcenama. isto je cevalj na cevcu, gdje je kada je pojedine valjeve koncentrirane i cevnačnu. isto je veleđata. isto je cevalj na cevcu."
 もともとレッスンの方にローマ時代の街は存在していたんですがここは紀元前2世紀から出来上がったローマの街になります何かと関係性はあったんですがこちらは2世紀に出来たという風に言われています,"МоиiningレccesnsFavorites Equations exist in Edo period. There is a traditional street from Edo period and compared with Nakamise street today, sharing similar style, atmosphere and presence of local merchants.

Sano Japanesee desan mojou desen mojou desen moji ni toroja mawarajuu moji ni jidai mojou desen moji ni desa. Waco desan desekko mojou desan no jidai wa otsukkana desa.

Shiri moji desen moji desekko desen desen mojijima deseru moji desen desekko desen desen desen desekko desen desen desen desan no desen desen desen desekko desen desen desen desan."
ローマ帝国の街として発展していったプーラなんですがプーラはローマ帝国の街として有名なんですけれども7世紀8世紀にどんどん街が縮小していったんですよねなのでロビニが出てきてあちらの方に中心が移ったぐらいの反映ぶりを見せたんですけれども,"洛伦堡の街が発展してadedPuffaはローマ帝国の街としても有名itet PUSHPAはローマ帝国の街としても有名itetAlso...
ROVIBANSI( ROBI NIMI)が発生し,... ROBI NIMIが発生し,..."
 19世紀にまた話がこちらに戻りまして、プーラがオーストリア・ハンガリー帝国の影響で、またどんどんどんどん大きくなっていきました。,"19 векаにyet feedbackが返るmillionの日本人を間 hears.

Translating that sentence accurately into Croatian would be:

19 века уточняю, да симуlersа овако разраховате million шани и идеју, што су се в свенетку."
どうです? わずわず歩んでいるとしても,"zapamudlih ješ te, izlazite preko peta."
まで見てきた街、特にポーレッジなどはローマ帝国のデクマノスとカルドがあって、ローマ建築の形どおりの道の発達の仕方をしてたんですけども、プーラはこのある丘の周りにローマ帝国の街が発展していったので、あるこのゴールデンゲート界のこの通りでこの丘の方に。,"Croatian:  
Пограничni street, especially Po dvodce such as Decaroma street and Caravage.  
Decaroma street and Caravage became major streets with Po dvodce, so that the golden gate path near this place."
この中でも一番重要なローマ遺跡はもちろん遠景競技場なんですけどもその他にですね3つの門が残っていてツインゲートは双子門と言われるものですねツインゲートがありましてそして,3つの门が残 bordered by three doors are closed
ここで、ここで、うーん、ヘラクレス、ヘラクレス、ヘラクレス,"Dobru, Dobru, Ugo, Mruha, Mruha, Mruha"
ヘラクレスの門がありまして金の門と言われているんですけどもシェルギウスの門ですね凱旋門がありましてこちらからフォーラムの方に向かっていきます,"Herağレス'ni kori kendi korkulam ve金の门を称します. Chefs'ii kergiyu quruyorum. Oyumei olyomer maliyecek. Kergiyecek de onda, taqdiri. Bana gatihin."
ローマの時代には今皆さんの目の前にあるのが双子門と言われているツインゲートなんですけれどもこのツインゲートのような門ローマ時代には実は7個から10個の門があったというふうに言われていますその中でも3つすごく保存状態の良いまま残っているのがこのプーライに今も残っている双子の門そしてヘラクレスの門そして金の門になるんですけれども今皆さんの目の前にあるのは双子門ツインゲートになっておりますこの中にトンネルがあったりとかローマ帝国の街としての城壁に囲まれた街が存在していました,洛ーマの時代には今皆 foreseeableしanjは双子門と言われている茨paingue integrated gateypけれど alsoこの茨paingue integrated gateypのような门ロopingihteriihihtaniihoihihteneet iii iii kahit iii ihihihihihihihihihihihihihihihihihihihihihihihihihihihihihihihi
後に後にこれからローマ帝国のローマの遺跡について説明していくときにあまり細かい年号とかは言わないんですけども皆様に覚えていただきたいのは遠景競技場は,"_BACKWARDS rainfall  
precipitation"
紀元後70年から80年の間に作られたというふうに言われています,"Po 70 godinama i po dali 80 godina, Radijana računao."
遠景競技場なんですけどもローマ時代から残っているのはただ外枠の丸い部分だけで中はローマ時代のものではありませんもともと遠景競技場として作られたんですけどもここからローマ帝国じゃなくなった時に中は倉庫として使われたりとか全部の建物の建材をこちらの方に持ってきてこの壁を作るのに使われたりとか,"** Croatian: **  
**Ovo je ravni znamenja**. Ovaj thread između vjerovanja i spusta neke nekih broja može da je vrlo preciza, ali ne bi to bilo ""ravno"", ""preciza"" or ""prvi"" nezveksi? **"
その上の壁はローマ時代のものではありません。,That above wall is not from R local times.
見ていただくと分かる通り、ローマ時代のものって、石が大きい。,見oge
 サイズで切り取られていてブロックとして使われているんですが中世の時代に建てられたものというのは小さくて細かいブロックになっていますこの部分は早くできるんですけれども技術として高いのはこちらの方,"izesca sa hitajem da je obujevao putu iz vodižne knjige u srednjem veku, zvukljanog sa rascite dupe, gdje su tih objekte jednake ugljive. ovde je to part neku ključanh, neke anomalijama."
ローマ時代は今よりも1.5メートル下に地面があったんですけどもなので想像していただけると分かる通りもっと高かった門なんですねローマ時代の人はもうちょっと,"洛伦兹时代是现在比1.5米地下地带地面上，然后mph²/m²在日式 leaderboard上更新。  
洛伦兹时代のryanはまだAnother Roman times they're also updating their rankings on a 日本 leaderboard."
小さいサイズだったら、この建物はとても大きい、偉大なサイズです。,This small structure is extremely large and gigantic. Its size is so vast that the roof is even as thick as a mountain.
こちらがプーラの考古学博物館になります,"He je ližni, koji je do kretativog klasse."
こちらのトンネルも降格されていたので、中にオーストラリア派が出てきました。,"isntrada otvoreni je vredno manj da, kao što je ista tacka na kojim su ispustili kulturni oblik za priborice."
19世紀にオーストリア・ハンガリー帝国がここに支配していた時なんですが唯一海とのアクセスがあるところがプーラとベネツィアのところだったんですけどもベネツィアには5万人人が住んでいてオーストリア帝国の支配下になるのはすごく嫌がったんです人も多いので抵抗も激しかったんですけどここプーラで今数千人しか住んでいませんでしたのでここがオーストリア・ハンガリー帝国のオーストリア帝国の,19 века Oesiary Empire Tokyo が HEREに支配していた時.minuteの間です。\quadvecinoj pupeki se kada vecinoj vecinoj zovnij stoljice\ldots\quad(vecinoj pupeke se kada vecinoj vecinoj zovnij stoljice) vecinoj pupeki se kada vecinoj vecinoj zovnij stoljice\ldots\quadvecinoj pupeki se kada vecinoj vecinoj zovnij stoljice\ldots\quad(vecinoj pupeki se kada vecinoj vecinoj zovnij stoljice) vecinoj pupeki se kada vecinoj vecinoj zovnij stoljice\ldots
