input,translation,llm_results
こんにちは。,Dobar dan.,Zdravo.
私は学生です。,Ja sam student.,Ja sam učenik.
これは本です。,Ovo je knjiga.,Ovo je knjiga.
今日は暑いです。,Danas je vruće.,Danas je tuško.
犬が好きです。,Volim pse.,Volim psa.
猫がかわいいです。,Mačka je slatka.,Koča je lijep.
ご飯を食べます。,Jedem rižu.,Jedem obrok.
友達と話します。,Razgovaram s prijateljem.,Razgovaraju s prijateljem.
水をください。,Molim vodu.,Vodite mi vodu.
私は日本人です。,Ja sam Japanac.,Ja sam Japanci.
おはようございます。,Dobro jutro.,Dobro jutro.
ありがとう。,Hvala.,Hvala.
さようなら。,Doviđenja.,Zdravo.
すみません。,Oprostite.,Žao mi se.
いいえ。,Ne.,Ne.
はい。,Da.,Da.
わかりません。,Ne razumijem.,"Niste me jasno izvršili zadatak. Potrebno je da prevedete niz riječi ili teksta iz narednog jezika na hrvatski, a ne prema hrvatskom kao u pitanju. Također treba napomenuti da se određene riječi može prepoznati po njihovom pravilnom zapisu u hrvatskom jeziku.

Prema tome, u vezi s vašim zahtevima, ovde ćete nažalost imati samo pravilno napisane riječi u hrvatskom jeziku. Ali ako bi trebao prevod teksta iz druge recenzirane vještine ili kulture u hrvatski, to bi bio dobre prikaz.

Izveštaj na hrvatskom:

Riječ ""waruemasu"" u hrvatskom jeziku znači ""niste razumijevam""."
コーヒーを飲みます。,Pijem kavu.,Pijem kafe.
学校に行きます。,Idem u školu.,Idem u školu.
先生は優しいです。,Učitelj je ljubazan.,Učitelj je laskav.
今日は楽しいです。,Danas je zabavno.,Danas je uživao.
お元気ですか。,Kako ste?,Što se daje?
彼は医者です。,On je liječnik.,On je lekari.
私はパンを食べます。,Jedem kruh.,Ja jejmljam peci.
映画を見ます。,Gledam film.,Gledam film.
本を読みます。,Čitam knjigu.,Čitam knjige.
彼女はきれいです。,Ona je lijepa.,Ona je prelijepa.
今何時ですか。,Koliko je sati?,Što je sada sati?
駅はどこですか。,Gdje je kolodvor?,Gde je stanicu?
トイレはどこですか。,Gdje je WC?,Gde su toliče?
私は学生ではありません。,Nisam student.,Nisam student.
雨が降っています。,Pada kiša.,Jagodine pada.
海が見えます。,Vidim more.,Mogu se vidjeti mora.
花が咲いています。,Cvijet cvate.,Cvete cvjetu.
今日は日曜日です。,Danas je nedjelja.,Danas je nedjelja.
公園で遊びます。,Igram se u parku.,Igram u parku.
バスに乗ります。,Ulazim u autobus.,U busu se počekaju.
手紙を書きます。,Pišem pismo.,Pisem pismo.
音楽が好きです。,Volim glazbu.,Volim glazbu.
りんごを食べます。,Jedem jabuku.,Jela riješavam.
部屋がきれいです。,Soba je čista.,Uređenje je čistila.
友達が来ます。,Prijatelj dolazi.,Prema prijatelju dolazi.
日本は美しいです。,Japan je lijep.,Hrvatski: H日本 je prekrasan.
クロアチアが好きです。,Volim Hrvatsku.,Voljam Hrvatsku.
私は泳ぎます。,Plivam.,Plavam.
彼はサッカーをします。,On igra nogomet.,On igra nogomet.
今日は月曜日です。,Danas je ponedjeljak.,Danas je početak mjeseca.
魚を食べます。,Jedem ribu.,Riba jemanu.
先生に会いました。,Sreo sam učitelja.,Setrilo sam se s učenicima.
青い空が見えます。,Vidim plavo nebo.,Ljubičasta siva se vidi.
パンを買いました。,Kupio sam kruh.,Kupila sam panku.
彼は元気です。,On je dobro.,On je zdrav.
楽しい時間でした。,Bilo je zabavno.,Ravno vremensko dobaro.
お茶を飲みましょう。,Popijmo čaj.,Pijamo čaja.
ここは静かです。,Ovdje je tiho.,Ovde je mirno.
昨日は雨でした。,Jučer je padala kiša.,Ujući je bilo jutro.
クロアチアの海はきれいです。,More u Hrvatskoj je lijepo.,Hrvatski morska je prekrasan.
お金を持っています。,Imam novac.,Ima novca.
バナナが好きです。,Volim banane.,Volim banane.
私は毎朝コーヒーを飲むのが好きです。,Volim piti kavu svako jutro.,U svakom rannom danu volim piti kafu.
友達と週末に映画館に行きました。,S prijateljem sam išao u kino za vikend.,S obiteljem posjetili smo kinodvor u početku nedelje.
昨日買ったシャツはとても安かったです。,Košulja koju sam jučer kupio bila je vrlo jeftina.,Učitan juče je bio vrlo ugodan.
夏には海で泳ぐのが一番楽しいです。,Ljeti je najzabavnije plivati u moru.,Letno je najuživljivo da se sutulimo u moru.
新しい言語を学ぶのは難しいですが楽しいです。,"Učiti novi jezik je teško, ali zabavno.","Učenje novog jezika može biti teško, ali je uživo."
彼は料理が上手で、特にパスタが得意です。,"On dobro kuha, posebno je dobar s tjesteninom.","On je pripremateljski uočen, a posebno je dobar kod pica."
図書館で静かに本を読みました。,Tiho sam čitao knjigu u knjižnici.,U knjižanu sam taktično čitao knjige.
雨の日には家で音楽を聞くのが好きです。,Volim slušati glazbu kod kuće kad pada kiša.,Vjerojatno ćete voljeti slušati glazbu kod kuće tijekom vlažnih danova.
クロアチアの料理はとても美味しいです。,Hrvatska kuhinja je jako ukusna.,Jelo iz Hrvatske je vrlo ukusno.
友達が作ったケーキは甘すぎました。,Torta koju je prijatelj napravio bila je preslatka.,Prisjedbenički prijatelj je napravio tropsku tortu.
旅行に行く前に荷物を準備しました。,Pripremio sam prtljagu prije putovanja.,Pre putovanja izradili sam naporke.
彼女は毎日ピアノを練習しています。,Ona svaki dan vježba klavir.,Ona svakodnevno uči klavir.
昨日の夜は星がとてもきれいでした。,Sinoć su zvijezde bile jako lijepe.,Noć je prošla sveučestvom zvijezda koja su bila prelijepa.
空港までタクシーで行きました。,Do zračne luke sam išao taksijem.,Ulazao sam u taksi i doošao do zračnog Prelude.
彼はクロアチアのサッカーチームが好きです。,On voli hrvatsku nogometnu reprezentaciju.,On voli hrvatski nogometni tim.
休日には家族と一緒に料理をします。,Za praznike kuham s obitelji.,Napusti radno vrijeme obično godišnjaju s obitelji i gotovim u kući.
私は新しいカメラを買いたいと思っています。,Razmišljam kupiti novi fotoaparat.,Želim naručiti novu slikečku.
彼は来年日本に留学する予定です。,On planira iduće godine studirati u Japanu.,Planirajući se osvoboditi ruke od tvrtke.
美術館で多くの絵を見ました。,U muzeju sam vidio mnogo slika.,Gledao sam mnoge slike u muzeju.
彼女は旅行中にたくさんの写真を撮りました。,Ona je snimila mnogo fotografija tijekom putovanja.,Ona je snimila veliko število slika tukaj na poti.
あのカフェ、まじで雰囲気いいよね、イストラっぽくて最高。,"Onaj kafić ima stvarno dobru vibru, baš podsjeća na Istru.","Taj kafić, stvarno je ugodan atmosferi, jako istinski Istrijanski, bio bi se prilično savršen."
昨日ロヴィニで食べたパスタ、ガチでうまかったわ。,Tjestenina koju sam jučer jeo u Rovinju bila je stvarno odlična.,"Včerajski pasta koji je jedla u Rovinju, bio je istinski dobar."
プーラの夜景、エモすぎて泣きそうだった。,Noćni prizor Pule bio je toliko emotivan da sam skoro zaplakao.,"Noć u Pulli, bilo bi miješao s ljubavlju i žalosno da bih se stalno lačio."
イストラの海、やばいくらい透明だった。,More u Istri bilo je nevjerojatno bistro.,"Jezero Istrije bio je tako njenuljivo, da bi se mogao pretpostaviti da je stvarni."
あのトリュフパスタ、コスパ良すぎてびっくりした。,Ta tjestenina s tartufima bila je nevjerojatno povoljna.,"Taj truffali pasta, bio je vrlo udaran za novac, stigao mi se do gornjeg."
地元の人と話したけど、まじでフレンドリーだった。,"Razgovarao sam s lokalnim ljudima, stvarno su bili ljubazni.",Razgovarala sam s ljudima iz oblasti i oni su istinu su bili vrlo prijateljski.
モトヴンの坂道、足パンになったけど景色最高だった。,"U Motovunu su me noge ubile od penjanja, ali pogled je bio nevjerojatan.","Motovnska ulaznica, noge su mi se potpuno izgubile ali je pogled bio najbolji."
イストラのワイン、まじでクセになる味だった。,Istarsko vino imalo je stvarno neodoljiv okus.,"Vino iz Istre, isto je bilo predivno i ukusan."
ロヴィニの夕日、インスタ映えすぎた。,Zalazak sunca u Rovinju bio je savršen za Instagram.,"Sunce u Rovinu je bilo prekrasno, premeštanog na Instagram."
地元の市場で食べたオリーブ、やばいくらい美味しかった。,Masline koje sam probao na lokalnoj tržnici bile su nevjerojatno ukusne.,"Olivije koji sam u lokalnom tržištu ukrasio, bile su istaknutih."
プーラの円形劇場、写真よりリアルの方が断然すごい。,Arena u Puli uživo izgleda puno bolje nego na slikama.,"Pulaanski ciklusni teatar, stvarajuci sličnosti realiji je prepoznatljivo izvrsnija."
友達とポレッチでカフェ巡りしたけど、全部おしゃれだった。,S prijateljem sam obilazio kafiće u Poreču i svi su bili jako šarmantni.,"Sjedili sam s prijateljem i prošli smo kafe u Polachi, ali sve je bilo vrlo stilizirano."
クロアチアの海辺でチルするの、最高すぎる。,Opustiti se na hrvatskoj obali je savršeno.,U hrabnom zalivu u Hrvatskoj je najizvrsnije.
イストラの料理、ほんとにレベチだった。,Istarska kuhinja je stvarno bila na drugoj razini.,"Istrijanska hranica, stvarno je bile Rebćine."
バレの街、観光客少なくて穴場だったわ。,Grad Bale bio je prava skrivena lokacija bez turista.,"Važna gradina, kroz koju prolazi malo turista, bila je manata mjesta."
地元の人におすすめされた店、マジで当たりだった。,Restoran koji su mi preporučili lokalci bio je pun pogodak.,"Preporučili mi je lokalni ljudi, a ta crvena mesta jednostavno su bila iscrpljujuća."
ブリオニ島、静かでリゾート感ハンパなかった。,Brijuni su bili mirni i nevjerojatno luksuzni.,"Brioni otok, miran i turistički osjećaj nisuljast."
イストラの道、レンタカーで走るの気持ちよすぎた。,Vožnja iznajmljenim autom kroz Istru bila je predivna.,"Putanja do Istre, bilo je tužno krenuti s iznajmljenim kromčicom."
ロヴィニの旧市街、雰囲気ありすぎて時間忘れた。,Stari grad Rovinja bio je toliko čaroban da sam izgubio pojam o vremenu.,"Stari grad u Rovinu, atmosfera je bila nesamoglasna do kraja vremena."
プーラの夜風、心地よくて眠くなった。,Noćni povjetarac u Puli bio je tako ugodan da sam postao pospan.,"Noćna vjetra Pulji, ugodno sam spavala."
